{"A1": [[1.137216044404934e-05, 9.814996414955287e-06, 8.220737950221922e-06, 1.137056388754567e-05], [0.2083805289861376, 0.33337444814675954, -0.0416317757348032, 4.719085955920937e-05], [0.16667926250074236, 0.6666777794790804, 0.16667626100147814, 1.2595034008256264e-05], [4.5218447223006165e-07, 4.507163860830295e-07, 4.4799703443407794e-07, 4.521845389928488e-07]], "A2": [[1.2670065862985258e-05, 1.1808562172914278e-05, 1.0915547540229177e-05, 1.2670340301216584e-05], [0.2083879786032419, 0.33338463142443137, -0.04161884539644172, 5.464739870992355e-05], [0.16668169671914676, 0.6666808892382869, 0.16668004738887315, 1.5030842236303134e-05], [5.808783157298866e-07, 5.866237076907944e-07, 5.907426814249818e-07, 5.808780643919806e-07]], "B1": [0.16658819884746837, 0.6666309638274944, 0.1666738767401371, -7.803409848251887e-05], "B2": [0.16658989962320261, 0.6666244934811484, 0.16665623241030997, -7.64904283354453e-05], "Error": 6.620284949796121e-06, "Number": 99}